,load,alloc,reward,sigma,event_start_time,event_end_time
1649713596.2319221,43.03701400756836,50.0,0.9856733679771423,0.3785055875778198,1649713596.2319221,1649713606.2697933
1649713606.4051945,48.2348518371582,50.0,1.0,0.3348247706890106,1649713606.4051945,1649713617.7870066
1649713618.102681,44.338565826416016,50.0,1.0,0.34219294786453247,1649713618.102681,1649713629.9433887
1649713630.2216487,47.371891021728516,50.0,1.0,0.2767122685909271,1649713630.2216487,1649713645.884946
1649713646.0399778,44.87799072265625,50.0,0.7029288411140442,0.3234231173992157,1649713646.0399778,1649713658.6073854
1649713658.8236344,38.54680252075195,50.0,1.0,0.3458572328090668,1649713658.8236344,1649713671.924591
1649713672.1824305,43.53641891479492,50.0,1.0,0.35578402876853943,1649713672.1824305,1649713682.9090822
1649713683.0526257,42.53060531616211,50.0,1.0,0.3656361997127533,1649713683.0526257,1649713693.9153912
1649713694.28938,37.41191482543945,50.0,1.0,0.34340140223503113,1649713694.28938,1649713707.6273775
