,load,alloc,reward,sigma,event_start_time,event_end_time
1649713611.7141447,1.0,50.0,279.7170715332031,276.130859375,1649713611.7141447,1649713628.3237855
1649713628.5588868,1.0,50.0,319.98565673828125,373.31085205078125,1649713628.5588868,1649713648.5597832
1649713650.2469985,1.0,50.0,234.91319274902344,450.0350036621094,1649713650.2469985,1649713681.7479956
