,load,alloc,reward,sigma,event_start_time,event_end_time
1649713616.7364936,39.661224365234375,50.0,1.0,0.359907865524292,1649713616.7364936,1649713628.7885675
1649713629.278043,47.900245666503906,50.0,1.0,0.2972191572189331,1649713629.278043,1649713643.2445686
1649713643.5446525,44.88594055175781,50.0,1.0,0.31782087683677673,1649713643.5446525,1649713656.4885714
1649713656.7777061,44.72464370727539,50.0,1.0,0.30919620394706726,1649713656.7777061,1649713670.573233
1649713670.7209074,43.51291275024414,50.0,1.0,0.2599376142024994,1649713670.7209074,1649713689.9565775
