,load,alloc,reward,sigma,event_start_time,event_end_time
1649713615.5714219,1.0,50.0,240.06138610839844,294.23516845703125,1649713615.5714219,1649713637.0742548
1649713638.1116977,1.0,50.0,292.2021179199219,444.6284484863281,1649713638.1116977,1649713663.6077473
1649713664.3511796,1.0,50.0,233.32937622070312,468.4555358886719,1649713664.3511796,1649713697.35174
