,load,alloc,reward,sigma,event_start_time,event_end_time
1649713607.9719117,1.0,50.0,273.69525146484375,278.23919677734375,1649713607.9719117,1649713625.7654238
1649713626.8417912,1.0,50.0,173.5561981201172,350.908447265625,1649713626.8417912,1649713661.291727
