,load,alloc,reward,sigma,event_start_time,event_end_time
1649713626.6332085,1.0,50.0,377.0174255371094,360.3704833984375,1649713626.6332085,1649713643.322092
1649713644.255524,1.0,50.0,241.6324462890625,464.01702880859375,1649713644.255524,1649713676.1221051
