,load,alloc,reward,sigma,event_start_time,event_end_time
1649713614.340124,40.33387756347656,50.0,1.0,0.35897907614707947,1649713614.340124,1649713626.191204
1649713626.562702,47.361175537109375,50.0,1.0,0.32174474000930786,1649713626.562702,1649713638.8934774
1649713639.3967774,45.98497772216797,50.0,1.0,0.29643458127975464,1649713639.3967774,1649713653.6623054
1649713654.0205412,45.11994171142578,50.0,1.0,0.3318616449832916,1649713654.0205412,1649713666.3432522
1649713666.9768927,44.220314025878906,50.0,1.0,0.31008684635162354,1649713666.9768927,1649713681.1332827
1649713681.7043066,45.411014556884766,50.0,1.0,0.29086485505104065,1649713681.7043066,1649713696.5685418
