,load,alloc,reward,sigma,event_start_time,event_end_time
1649713596.5184138,1.0,50.0,387.20166015625,344.9843444824219,1649713596.5184138,1649713612.037459
1649713613.3722882,1.0,50.0,316.4669189453125,444.2831726074219,1649713613.3722882,1649713636.9134536
1649713639.0690422,1.0,50.0,306.46392822265625,487.2419128417969,1649713639.0690422,1649713665.1732576
1649713666.931286,1.0,50.0,410.6318359375,487.80938720703125,1649713666.931286,1649713686.4134579
