,load,alloc,reward,sigma,event_start_time,event_end_time
1649713593.718768,47.943817138671875,50.0,0.45524296164512634,0.35759925842285156,1649713593.718768,1649713603.7722015
1649713603.9344928,50.05014419555664,50.0,1.0,0.31943827867507935,1649713603.9344928,1649713615.7426505
1649713616.0299654,44.95873260498047,50.0,0.6044520735740662,0.29260286688804626,1649713616.0299654,1649713631.3106446
1649713631.555675,44.91554260253906,50.0,0.8721374273300171,0.3089010417461395,1649713631.555675,1649713645.4261515
1649713645.6432946,49.26287078857422,50.0,0.7169421315193176,0.32141217589378357,1649713645.6432946,1649713657.538663
1649713657.6888187,44.82912826538086,50.0,0.6843971610069275,0.2977456748485565,1649713657.6888187,1649713672.1660135
1649713672.3407104,39.840091705322266,50.0,1.0,0.35805743932724,1649713672.3407104,1649713684.2131732
1649713684.4504516,42.81108856201172,50.0,0.7001972198486328,0.31403714418411255,1649713684.4504516,1649713698.2786446
