,load,alloc,reward,sigma,event_start_time,event_end_time
1649713609.0588324,1.0,50.0,175.27108764648438,257.4347229003906,1649713609.0588324,1649713635.3723567
1649713636.8608088,1.0,50.0,111.69287872314453,337.7288513183594,1649713636.8608088,1649713688.8336842
