,load,alloc,reward,sigma,event_start_time,event_end_time
1649713560.7262537,22.52692222595215,1.0,0.0,0.5,1649713560.7262537,1649713571.29139
1649713571.392668,22.811933517456055,1.0,0.015625,0.5,1649713571.392668,1649713581.4312737
1649713581.5944164,23.50570297241211,1.0,0.16447368264198303,0.5,1649713581.5944164,1649713592.6981049
1649713625.3501158,23.914813995361328,50.0,0.9824561476707458,0.46829289197921753,1649713625.3501158,1649713637.0583398
1649713637.2206664,20.830625534057617,50.0,1.0,0.5,1649713637.2206664,1649713647.9260578
1649713648.1015341,19.510774612426758,50.0,1.0,0.5,1649713648.1015341,1649713659.8386388
1649713660.0578582,19.863557815551758,50.0,0.995121955871582,0.4938648045063019,1649713660.0578582,1649713672.6940644
1649713672.8595173,19.38538360595703,50.0,1.0,0.5,1649713672.8595173,1649713684.982053
1649713685.183544,18.769527435302734,50.0,1.0,0.5,1649713685.183544,1649713695.1997795
1649713695.3491182,18.14581298828125,50.0,0.9935483932495117,0.5,1649713695.3491182,1649713705.9300714
