,load,alloc,reward,sigma,event_start_time,event_end_time
1649713564.2435277,47.70640563964844,1.0,0.0,0.5,1649713564.2435277,1649713574.8081467
1649713606.1339803,47.6796875,50.0,0.5757575631141663,0.30772873759269714,1649713606.1339803,1649713619.1793675
1649713619.5268953,45.92617416381836,50.0,0.9979633688926697,0.3191128373146057,1649713619.5268953,1649713632.3953743
1649713632.6409018,46.30467224121094,50.0,0.6445497870445251,0.2810497283935547,1649713632.6409018,1649713648.6004148
1649713648.9411826,44.55939483642578,50.0,1.0,0.36369648575782776,1649713648.9411826,1649713659.152273
1649713659.5014877,40.463653564453125,50.0,0.7772727012634277,0.33709993958473206,1649713659.5014877,1649713672.7973702
1649713673.0191576,42.198448181152344,50.0,1.0,0.3237619400024414,1649713673.0191576,1649713686.4793687
1649713686.729529,39.57255172729492,50.0,1.0,0.3594425916671753,1649713686.729529,1649713698.2526677
