,load,alloc,reward,sigma,event_start_time,event_end_time
1649713606.019875,1.0,50.0,172.90106201171875,306.4278869628906,1649713606.019875,1649713636.1064453
1649713637.2831004,1.0,50.0,115.96733856201172,252.1004180908203,1649713637.2831004,1649713675.2938018
1649713676.4664705,1.0,50.0,493.4491271972656,411.6554870605469,1649713676.4664705,1649713690.2409403
