,load,alloc,reward,sigma,event_start_time,event_end_time
1650178673.6353803,1.0,35.0,103.46593475341797,340.98101806640625,1650178673.6353803,1650178729.7697995
1650178805.510799,1.0,3.0,10.921638488769531,37.910362243652344,1650178805.510799,1650178873.449321
