,load,alloc,reward,sigma,event_start_time,event_end_time
1650178645.8243432,1.0,29.0,140.37588500976562,80.86730194091797,1650178645.8243432,1650178657.022848
1650178657.7556577,1.0,29.0,466.7548522949219,286.19439697265625,1650178657.7556577,1650178668.6028936
1650178669.5563762,1.0,29.0,312.3769226074219,328.6336669921875,1650178669.5563762,1650178688.030852
1650178689.002223,1.0,29.0,372.605712890625,330.0012512207031,1650178689.002223,1650178704.2569547
1650178705.0320957,1.0,29.0,247.72406005859375,327.33282470703125,1650178705.0320957,1650178727.742849
1650178728.1495614,1.0,29.0,284.5579528808594,331.7830810546875,1650178728.1495614,1650178748.5320535
1650178783.2463605,1.0,39.0,298.7989196777344,435.63018798828125,1650178783.2463605,1650178807.7846022
1650178808.9258575,1.0,39.0,209.43092346191406,411.67059326171875,1650178808.9258575,1650178842.3211164
1650178843.5844676,1.0,39.0,256.7732238769531,437.5531311035156,1650178843.5844676,1650178872.1388476
