,load,alloc,reward,sigma,event_start_time,event_end_time
1650178633.1224227,23.004138946533203,57.0,0.9947916865348816,0.5,1650178633.1224227,1650178643.555328
1650178643.7637134,20.792325973510742,57.0,1.0,0.5,1650178643.7637134,1650178653.8154988
1650178654.0032423,23.469196319580078,57.0,1.0,0.47565150260925293,1650178654.0032423,1650178665.6781197
1650178665.9471464,21.563390731811523,57.0,1.0,0.49875468015670776,1650178665.9471464,1650178677.4017456
1650178677.6229389,19.480466842651367,57.0,1.0,0.5,1650178677.6229389,1650178689.2756367
1650178689.492551,20.048917770385742,57.0,0.9949238300323486,0.5,1650178689.492551,1650178701.6627843
1650178701.8420787,19.932043075561523,57.0,1.0,0.5,1650178701.8420787,1650178712.62873
1650178712.8292522,18.541410446166992,57.0,1.0,0.492664635181427,1650178712.8292522,1650178725.8271847
1650178725.9884405,18.04897117614746,57.0,1.0,0.5,1650178725.9884405,1650178736.293737
1650178770.917955,19.61363983154297,93.0,0.9946523904800415,0.5,1650178770.917955,1650178782.4915335
1650178782.668788,19.152061462402344,93.0,1.0,0.5,1650178782.668788,1650178793.6336648
1650178793.7539678,17.83260154724121,93.0,0.9942528605461121,0.5,1650178793.7539678,1650178805.4179978
1650178805.5749037,18.014760971069336,93.0,1.0,0.5,1650178805.5749037,1650178815.6777303
1650178815.8358076,20.347291946411133,93.0,1.0,0.5,1650178815.8358076,1650178826.205738
1650178826.3529856,19.83701515197754,93.0,1.0,0.5,1650178826.3529856,1650178837.2417207
1650178837.458346,20.713048934936523,93.0,0.995192289352417,0.4902903437614441,1650178837.458346,1650178849.3349173
1650178849.6602242,19.812114715576172,93.0,1.0,0.5,1650178849.6602242,1650178860.0074284
1650178860.1212733,17.781057357788086,93.0,1.0,0.5,1650178860.1212733,1650178871.3691986
