,load,alloc,reward,sigma,event_start_time,event_end_time
1650178629.7494195,1.0,57.0,205.22732543945312,304.1315002441406,1650178629.7494195,1650178655.1164114
1650178655.3761997,1.0,57.0,217.64747619628906,325.802490234375,1650178655.3761997,1650178681.9466891
1650178683.6925094,1.0,57.0,317.4389343261719,522.5078735351562,1650178683.6925094,1650178710.4472609
1650178712.1713977,1.0,57.0,390.5198974609375,507.8360900878906,1650178712.1713977,1650178732.897614
1650178768.6404483,1.0,65.0,506.1464538574219,537.4743041992188,1650178768.6404483,1650178785.7382662
1650178787.1775312,1.0,65.0,352.09832763671875,582.1495971679688,1650178787.1775312,1650178813.945622
1650178815.9825478,1.0,65.0,172.29061889648438,549.4146118164062,1650178815.9825478,1650178868.0341322
