,load,alloc,reward,sigma,event_start_time,event_end_time
1650178641.6261356,1.0,35.0,296.2354431152344,374.5566711425781,1650178641.6261356,1650178663.3656015
1650178664.200973,1.0,35.0,267.2041320800781,383.9971923828125,1650178664.200973,1650178688.8263414
1650178689.3947964,1.0,35.0,288.61639404296875,387.1781311035156,1650178689.3947964,1650178712.1932251
1650178713.7954488,1.0,35.0,243.3148651123047,386.7449035644531,1650178713.7954488,1650178740.9824433
1650178785.4523103,1.0,62.0,352.3279113769531,458.94573974609375,1650178785.4523103,1650178806.350455
1650178807.374103,1.0,62.0,231.22940063476562,530.1904296875,1650178807.374103,1650178844.1081853
1650178845.9679143,1.0,62.0,313.4626770019531,560.28271484375,1650178845.9679143,1650178874.6475654
