,load,alloc,reward,sigma,event_start_time,event_end_time
1650178650.6959152,1.0,72.0,431.4663391113281,321.1238708496094,1650178650.6959152,1650178663.8858206
1650178665.074542,1.0,72.0,414.01690673828125,418.4254150390625,1650178665.074542,1650178681.496577
1650178681.8967974,1.0,72.0,292.09527587890625,462.4945068359375,1650178681.8967974,1650178708.3402236
1650178710.5821295,1.0,72.0,225.2535858154297,498.270263671875,1650178710.5821295,1650178747.0832124
1650178777.6227422,1.0,19.0,116.36278533935547,200.60971069335938,1650178777.6227422,1650178809.0675042
1650178809.9175923,1.0,19.0,120.05284881591797,211.3341064453125,1650178809.9175923,1650178841.7952197
1650178842.6025352,1.0,19.0,141.51284790039062,201.35183715820312,1650178842.6025352,1650178868.6355066
