,load,alloc,reward,sigma,event_start_time,event_end_time
1650178674.5840545,1.0,76.0,283.35504150390625,521.6126708984375,1650178674.5840545,1650178704.5888147
1650178706.4405425,1.0,76.0,416.8307189941406,548.9984130859375,1650178706.4405425,1650178727.1395931
1650178727.9181478,1.0,76.0,337.512939453125,554.830810546875,1650178727.9181478,1650178753.9319656
1650178810.9530933,1.0,8.0,37.681846618652344,85.02922058105469,1650178810.9530933,1650178854.3692262
