,load,alloc,reward,sigma,event_start_time,event_end_time
1650178670.2188847,1.0,61.0,224.54739379882812,390.6380615234375,1650178670.2188847,1650178699.7983859
1650178700.7049816,1.0,61.0,231.1396026611328,533.9091796875,1650178700.7049816,1650178738.3099608
1650178787.1726403,1.0,16.0,114.17042541503906,210.81285095214844,1650178787.1726403,1650178821.0868523
1650178821.6475937,1.0,16.0,214.54400634765625,208.8429412841797,1650178821.6475937,1650178839.4714425
