,load,alloc,reward,sigma,event_start_time,event_end_time
1650224452.9246955,1.0,50.0,329.9876708984375,521.2953491210938,1650224452.9246955,1650224477.9256291
1650224479.094131,1.0,50.0,193.89309692382812,507.6021728515625,1650224479.094131,1650224521.3854778
