,load,alloc,reward,sigma,event_start_time,event_end_time
1650224423.169866,1.0,50.0,439.6105041503906,357.07733154296875,1650224423.169866,1650224437.09583
1650224437.7764988,1.0,50.0,251.8147735595703,424.58392333984375,1650224437.7764988,1650224465.9400563
1650224467.4812558,1.0,50.0,328.6726379394531,500.5821228027344,1650224467.4812558,1650224492.277966
