,load,alloc,reward,sigma,event_start_time,event_end_time
1650179148.1082032,1.0,50.0,349.03924560546875,286.5203857421875,1650179148.1082032,1650179162.7512558
1650179163.9059262,1.0,50.0,388.94732666015625,458.25274658203125,1650179163.9059262,1650179183.3172948
1650179183.955083,1.0,50.0,208.71749877929688,372.1352233886719,1650179183.955083,1650179214.6329129
1650179216.1297696,1.0,50.0,287.6711730957031,447.7447814941406,1650179216.1297696,1650179241.8535855
1650179280.9030037,1.0,43.0,296.71185302734375,407.5753479003906,1650179280.9030037,1650179303.7197528
1650179305.450312,1.0,43.0,152.51339721679688,420.7386779785156,1650179305.450312,1650179351.4069288
