,load,alloc,reward,sigma,event_start_time,event_end_time
1650179159.2414036,1.0,50.0,187.765625,213.13568115234375,1650179159.2414036,1650179180.262291
1650179181.5645995,1.0,50.0,223.442138671875,374.00994873046875,1650179181.5645995,1650179210.6146257
1650179212.3220313,1.0,50.0,239.283203125,461.628173828125,1650179212.3220313,1650179244.7104309
1650179246.7566228,1.0,50.0,244.9222869873047,438.8260192871094,1650179246.7566228,1650179277.174434
1650179300.5119035,1.0,48.0,199.26953125,479.73052978515625,1650179300.5119035,1650179340.0161855
1650179341.4425328,1.0,48.0,280.3448791503906,484.0463562011719,1650179341.4425328,1650179370.207104
