,load,alloc,reward,sigma,event_start_time,event_end_time
1650179147.01977,1.0,50.0,213.9439239501953,232.25357055664062,1650179147.01977,1650179166.9034843
1650179168.6871026,1.0,50.0,285.3791809082031,407.6238708496094,1650179168.6871026,1650179192.9740884
1650179194.6647115,1.0,50.0,201.46043395996094,487.0701904296875,1650179194.6647115,1650179233.878366
1650179235.113818,1.0,50.0,347.4342346191406,551.9926147460938,1650179235.113818,1650179260.442353
1650179292.6784997,1.0,47.0,423.28021240234375,490.6374816894531,1650179292.6784997,1650179311.554884
1650179313.1621838,1.0,47.0,307.4421691894531,481.3335266113281,1650179313.1621838,1650179338.6921885
1650179340.0896275,1.0,47.0,423.0889892578125,495.7708435058594,1650179340.0896275,1650179359.307807
1650179361.1147356,1.0,47.0,245.6274871826172,495.8453674316406,1650179361.1147356,1650179394.026361
