,load,alloc,reward,sigma,event_start_time,event_end_time
1650179163.1016767,1.0,50.0,352.62054443359375,361.5001525878906,1650179163.1016767,1650179180.7949176
1650179182.5647333,1.0,50.0,338.8821105957031,488.8992004394531,1650179182.5647333,1650179206.171762
1650179207.7204301,1.0,50.0,290.15484619140625,498.0823059082031,1650179207.7204301,1650179235.6365578
1650179236.7397451,1.0,50.0,243.8367919921875,508.40899658203125,1650179236.7397451,1650179270.7789066
1650179302.645153,1.0,32.0,143.6042022705078,355.92950439453125,1650179302.645153,1650179345.4294162
1650179346.7217052,1.0,32.0,190.4256591796875,318.3668518066406,1650179346.7217052,1650179376.2187812
