,load,alloc,reward,sigma,event_start_time,event_end_time
1650179161.2218223,1.0,50.0,371.40899658203125,353.8775634765625,1650179161.2218223,1650179177.7669246
1650179179.7957468,1.0,50.0,308.5716247558594,534.9119262695312,1650179179.7957468,1650179207.8281362
1650179209.5393114,1.0,50.0,221.23849487304688,497.489013671875,1650179209.5393114,1650179246.6033847
1650179247.4693568,1.0,50.0,158.69970703125,252.34320068359375,1650179247.4693568,1650179276.234374
1650179297.3648577,1.0,46.0,316.7065124511719,473.81085205078125,1650179297.3648577,1650179321.9112434
1650179322.6798656,1.0,46.0,435.0888366699219,477.5137634277344,1650179322.6798656,1650179340.6532063
1650179342.3400474,1.0,46.0,237.2454376220703,470.90484619140625,1650179342.3400474,1650179375.1078017
