,load,alloc,reward,sigma,event_start_time,event_end_time
1650179143.061303,1.0,50.0,340.62615966796875,321.57855224609375,1650179143.061303,1650179159.5867512
1650179160.5385082,1.0,50.0,325.2569274902344,440.94207763671875,1650179160.5385082,1650179182.8285794
1650179184.4396574,1.0,50.0,380.49005126953125,450.0728759765625,1650179184.4396574,1650179204.0196695
1650179205.5449128,1.0,50.0,274.26171875,446.3563232421875,1650179205.5449128,1650179232.5264401
1650179277.482334,1.0,21.0,187.20733642578125,243.78602600097656,1650179277.482334,1650179300.8147535
1650179301.8140943,1.0,21.0,232.74472045898438,249.90518188476562,1650179301.8140943,1650179321.122803
1650179321.685316,1.0,21.0,167.74708557128906,197.82325744628906,1650179321.685316,1650179343.3667667
1650179344.322313,1.0,21.0,336.7770080566406,253.83506774902344,1650179344.322313,1650179357.6664543
1650179358.566395,1.0,21.0,252.33428955078125,252.76478576660156,1650179358.566395,1650179376.5425487
1650179377.4638689,1.0,21.0,323.2645263671875,253.5335235595703,1650179377.4638689,1650179391.4307587
