,load,alloc,reward,sigma,event_start_time,event_end_time
1650179145.3718467,1.0,50.0,252.83792114257812,258.10125732421875,1650179145.3718467,1650179163.098618
1650179163.6223304,1.0,50.0,114.57142639160156,356.7223205566406,1650179163.6223304,1650179216.2357972
1650179217.8664129,1.0,50.0,226.80796813964844,440.55419921875,1650179217.8664129,1650179249.1660182
1650179304.8367107,1.0,86.0,286.4188232421875,476.800537109375,1650179304.8367107,1650179330.9558039
