,load,alloc,reward,sigma,event_start_time,event_end_time
1650224432.848529,1.0,50.0,343.8333435058594,346.2841491699219,1650224432.848529,1650224449.958562
1650224450.2697587,1.0,50.0,286.455078125,474.073974609375,1650224450.2697587,1650224477.5654867
1650224479.1491983,1.0,50.0,320.4318542480469,528.1859130859375,1650224479.1491983,1650224505.6758983
