,load,alloc,reward,sigma,event_start_time,event_end_time
1650224373.8277204,22.659509658813477,1.0,0.0,0.5,1650224373.8277204,1650224384.3751688
1650224384.5064685,22.771852493286133,1.0,0.03787878900766373,0.5,1650224384.5064685,1650224394.5188289
1650224427.8182976,21.54381561279297,50.0,1.0,0.4914731979370117,1650224427.8182976,1650224439.9795604
1650224440.1678183,22.552000045776367,50.0,1.0,0.4545454680919647,1650224440.1678183,1650224452.6722527
1650224452.893093,21.02861976623535,50.0,1.0,0.5,1650224452.893093,1650224464.1158934
1650224464.253918,18.605539321899414,50.0,1.0,0.5,1650224464.253918,1650224476.5620809
1650224476.7836647,20.765762329101562,50.0,0.9952830076217651,0.4856429398059845,1650224476.7836647,1650224489.015337
1650224489.2410765,19.66411781311035,50.0,1.0,0.5,1650224489.2410765,1650224501.242632
1650224501.3806944,18.15364646911621,50.0,0.994413435459137,0.5,1650224501.3806944,1650224513.2791307
