,load,alloc,reward,sigma,event_start_time,event_end_time
1650224433.4974036,1.0,50.0,135.74501037597656,359.0987243652344,1650224433.4974036,1650224478.5377316
