,load,alloc,reward,sigma,event_start_time,event_end_time
1650224430.0439034,1.0,50.0,255.29278564453125,153.2505340576172,1650224430.0439034,1650224441.434746
1650224443.005918,1.0,50.0,156.3976287841797,269.514404296875,1650224443.005918,1650224473.1086764
1650224474.5049567,1.0,50.0,178.23776245117188,349.80023193359375,1650224474.5049567,1650224508.0107627
