,load,alloc,reward,sigma,event_start_time,event_end_time
1650224452.5696926,1.0,50.0,541.7320556640625,434.4681701660156,1650224452.5696926,1650224466.2295818
1650224467.4770758,1.0,50.0,149.86338806152344,442.60894775390625,1650224467.4770758,1650224517.522653
