,load,alloc,reward,sigma,event_start_time,event_end_time
1650224405.20589,20.483522415161133,50.0,1.0,0.5,1650224405.20589,1650224415.5068524
1650224415.7855484,22.770709991455078,50.0,1.0,0.4703604280948639,1650224415.7855484,1650224427.5989702
1650224427.7051544,20.85215950012207,50.0,1.0,0.5,1650224427.7051544,1650224438.9749708
1650224439.1210237,24.074525833129883,50.0,1.0,0.5,1650224439.1210237,1650224449.3808308
1650224449.5324469,21.09033966064453,50.0,1.0,0.5,1650224449.5324469,1650224460.2956684
1650224460.4012656,20.12560272216797,50.0,1.0,0.5,1650224460.4012656,1650224470.4879203
1650224470.7027698,18.220718383789062,50.0,1.0,0.5,1650224470.7027698,1650224481.2951078
1650224481.4234056,20.608375549316406,50.0,0.9947916865348816,0.5,1650224481.4234056,1650224492.7780123
1650224492.9647052,19.718835830688477,50.0,1.0,0.5,1650224492.9647052,1650224504.2229762
1650224504.3638856,17.67569351196289,50.0,1.0,0.5,1650224504.3638856,1650224514.4907868
