,load,alloc,reward,sigma,event_start_time,event_end_time
1650224432.3193886,43.92784118652344,50.0,1.0,0.36131468415260315,1650224432.3193886,1650224443.2463992
1650224443.6976304,47.781288146972656,50.0,1.0,0.36037498712539673,1650224443.6976304,1650224453.8271186
1650224454.400748,47.717830657958984,50.0,1.0,0.31976473331451416,1650224454.400748,1650224466.5974467
1650224466.7429383,43.38825607299805,50.0,1.0,0.2906191051006317,1650224466.7429383,1650224482.7610977
1650224483.219352,43.73224639892578,50.0,1.0,0.30599501729011536,1650224483.219352,1650224497.7623959
1650224498.2492046,45.216304779052734,50.0,1.0,0.26099786162376404,1650224498.2492046,1650224516.7602267
