,load,alloc,reward,sigma,event_start_time,event_end_time
1650224409.9890826,1.0,50.0,323.5811767578125,248.8125762939453,1650224409.9890826,1650224423.5281885
1650224424.9828053,1.0,50.0,433.0782775878906,440.4537353515625,1650224424.9828053,1650224441.9681878
1650224443.5425482,1.0,50.0,309.9461364746094,473.4411315917969,1650224443.5425482,1650224468.5468926
1650224470.3857784,1.0,50.0,324.73468017578125,506.0116271972656,1650224470.3857784,1650224495.6371624
