,load,alloc,reward,sigma,event_start_time,event_end_time
1650224425.2443464,37.23390197753906,50.0,1.0,0.35897907614707947,1650224425.2443464,1650224438.1089668
1650224438.6221428,48.09794235229492,50.0,1.0,0.2948839068412781,1650224438.6221428,1650224452.8015432
1650224453.3145368,44.71084213256836,50.0,1.0,0.31403714418411255,1650224453.3145368,1650224466.5104415
1650224466.6999946,44.642189025878906,50.0,1.0,0.35093119740486145,1650224466.6999946,1650224478.0569646
1650224478.3925457,43.46986770629883,50.0,1.0,0.2928537130355835,1650224478.3925457,1650224494.1965966
1650224494.4596004,43.788902282714844,50.0,0.9903537034988403,0.23149636387825012,1650224494.4596004,1650224517.5933166
