,load,alloc,reward,sigma,event_start_time,event_end_time
1650224387.4560297,22.70556640625,50.0,0.8186812996864319,0.5,1650224387.4560297,1650224397.49762
1650224397.615259,23.126441955566406,50.0,0.8027681708335876,0.4159451723098755,1650224397.615259,1650224412.0576012
1650224412.2509391,21.439453125,50.0,0.9157088398933411,0.43768811225891113,1650224412.2509391,1650224426.7102633
1650224426.8538816,21.2695255279541,50.0,1.0,0.5,1650224426.8538816,1650224437.150303
1650224437.240222,22.959245681762695,50.0,1.0,0.4789131283760071,1650224437.240222,1650224449.087301
1650224449.3245835,21.847139358520508,50.0,0.9767441749572754,0.4402254521846771,1650224449.3245835,1650224463.3309944
1650224463.49831,19.424772262573242,50.0,1.0,0.492664635181427,1650224463.49831,1650224476.1110706
1650224476.318986,19.3872127532959,50.0,1.0,0.5,1650224476.318986,1650224486.6350636
1650224486.7904348,20.11954689025879,50.0,1.0,0.5,1650224486.7904348,1650224497.377154
1650224497.5465672,19.118457794189453,50.0,1.0,0.5,1650224497.5465672,1650224509.367604
1650224509.430888,17.49401092529297,50.0,1.0,0.5,1650224509.430888,1650224522.5782444
