,load,alloc,reward,sigma,event_start_time,event_end_time
1650178160.2303667,47.723140716552734,1.0,0.0,0.5,1650178160.2303667,1650178170.7912807
1650178170.9386873,48.00715255737305,1.0,0.022727273404598236,0.5,1650178170.9386873,1650178180.9580276
1650178181.127729,49.6680793762207,1.0,0.16025641560554504,0.5,1650178181.127729,1650178192.080438
1650178192.1705692,43.40690994262695,1.0,0.16352201998233795,0.5,1650178192.1705692,1650178203.620359
1650178214.3045602,42.70623779296875,15.0,0.04065040498971939,0.5,1650178214.3045602,1650178224.3265157
1650178224.4208097,50.24638366699219,15.0,0.5044247508049011,0.3325950503349304,1650178224.4208097,1650178235.6653998
1650178235.7421505,43.746665954589844,15.0,0.5801354646682739,0.3359565734863281,1650178235.7421505,1650178248.177384
1650178248.321155,41.11637496948242,15.0,1.0,0.386333703994751,1650178248.321155,1650178258.414457
1650178258.5930736,41.66566467285156,15.0,0.5917030572891235,0.33040928840637207,1650178258.5930736,1650178272.1293995
1650178272.4080322,41.33095932006836,15.0,0.8011049628257751,0.30344855785369873,1650178272.4080322,1650178287.6750374
1650178288.0196345,38.26654052734375,15.0,1.0,0.31846487522125244,1650178288.0196345,1650178303.0458171
1650178303.1941211,37.131656646728516,15.0,1.0,0.40824830532073975,1650178303.1941211,1650178313.6434257
1650178336.6026037,40.52526092529297,72.0,0.9887640476226807,0.3747658431529999,1650178336.6026037,1650178347.5093806
1650178347.8062806,41.41241455078125,72.0,1.0,0.3458572328090668,1650178347.8062806,1650178360.0489864
1650178360.2293277,37.48539733886719,72.0,1.0,0.4003203809261322,1650178360.2293277,1650178370.6333792
1650178370.8197045,37.272850036621094,72.0,1.0,0.34836649894714355,1650178370.8197045,1650178384.234294
1650178384.3962166,42.159183502197266,72.0,1.0,0.36760732531547546,1650178384.3962166,1650178395.54444
1650178395.6489065,41.94497299194336,72.0,0.5510203838348389,0.31943827867507935,1650178395.6489065,1650178409.6195917
1650178409.8606722,43.59516143798828,72.0,0.995192289352417,0.3466876149177551,1650178409.8606722,1650178421.4674652
1650178421.7344487,38.882240295410156,72.0,0.6566866040229797,0.31591200828552246,1650178421.7344487,1650178436.471254
