,load,alloc,reward,sigma,event_start_time,event_end_time
1650178216.3915179,1.0,20.0,215.3942413330078,239.70643615722656,1650178216.3915179,1650178236.447764
1650178237.389698,1.0,20.0,220.5752716064453,238.46774291992188,1650178237.389698,1650178256.884177
1650178257.8008626,1.0,20.0,233.6441192626953,247.17941284179688,1650178257.8008626,1650178276.8897228
1650178277.2951384,1.0,20.0,216.7929229736328,236.91160583496094,1650178277.2951384,1650178297.0374799
1650178297.4247148,1.0,20.0,164.1163787841797,236.75003051757812,1650178297.4247148,1650178323.50377
1650178344.180292,1.0,47.0,446.5688781738281,337.4810485839844,1650178344.180292,1650178357.3831823
1650178358.907286,1.0,47.0,400.9842834472656,441.8516540527344,1650178358.907286,1650178377.4267144
1650178379.0876794,1.0,47.0,403.0462951660156,433.9132385253906,1650178379.0876794,1650178397.2791383
1650178398.8708584,1.0,47.0,304.222900390625,424.1238708496094,1650178398.8708584,1650178422.3536413
