,load,alloc,reward,sigma,event_start_time,event_end_time
1650178157.557954,22.5757999420166,1.0,0.0,0.5,1650178157.557954,1650178168.100216
1650178168.2502098,22.950651168823242,1.0,0.02238805964589119,0.5,1650178168.2502098,1650178178.2717123
1650178178.3621716,23.49843406677246,1.0,0.16352201998233795,0.5,1650178178.3621716,1650178189.4692948
1650178210.3478315,20.332000732421875,89.0,0.706250011920929,0.5,1650178210.3478315,1650178220.3812761
1650178220.5680702,23.606731414794922,89.0,1.0,0.47351372241973877,1650178220.5680702,1650178232.0902078
1650178232.2616825,21.571744918823242,89.0,1.0,0.49507376551628113,1650178232.2616825,1650178243.8972733
1650178244.0608504,19.483978271484375,89.0,1.0,0.5,1650178244.0608504,1650178255.24953
1650178255.435089,19.43569564819336,89.0,1.0,0.5,1650178255.435089,1650178267.5262437
1650178267.7586849,20.296165466308594,89.0,0.9945054650306702,0.5,1650178267.7586849,1650178278.8445227
1650178279.0085533,18.575883865356445,89.0,1.0,0.5,1650178279.0085533,1650178291.0671983
1650178291.2206597,18.25650405883789,89.0,1.0,0.5,1650178291.2206597,1650178302.449535
1650178323.615918,18.84023666381836,6.0,1.0,0.5,1650178323.615918,1650178335.2930539
1650178335.4418123,19.433544158935547,6.0,1.0,0.5,1650178335.4418123,1650178347.2770183
1650178347.406522,19.321619033813477,6.0,1.0,0.5,1650178347.406522,1650178359.362042
1650178359.4655173,17.685014724731445,6.0,1.0,0.5,1650178359.4655173,1650178371.5096118
1650178371.6542943,17.590587615966797,6.0,1.0,0.5,1650178371.6542943,1650178383.365103
1650178383.4689493,20.73989486694336,6.0,1.0,0.5,1650178383.4689493,1650178395.1372828
1650178395.2569036,19.67388153076172,6.0,1.0,0.5,1650178395.2569036,1650178407.0491874
1650178407.1689074,20.46961212158203,6.0,1.0,0.492664635181427,1650178407.1689074,1650178419.3332808
1650178419.4774303,18.981121063232422,6.0,1.0,0.5,1650178419.4774303,1650178431.6474175
1650178431.8187668,17.57834243774414,6.0,1.0,0.5,1650178431.8187668,1650178443.7652857
