,load,alloc,reward,sigma,event_start_time,event_end_time
1650178188.0216243,1.0,7.0,164.16310119628906,91.09526062011719,1650178188.0216243,1650178198.5964737
1650178199.244159,1.0,7.0,103.7928237915039,89.4229736328125,1650178199.244159,1650178215.7000175
1650178216.2147589,1.0,7.0,56.638458251953125,92.87995910644531,1650178216.2147589,1650178247.3596735
1650178247.8423193,1.0,7.0,89.75733184814453,96.660888671875,1650178247.8423193,1650178268.3531778
1650178269.0430088,1.0,7.0,62.073936462402344,90.49687957763672,1650178269.0430088,1650178296.896889
1650178297.6325517,1.0,7.0,132.62619018554688,98.31255340576172,1650178297.6325517,1650178311.7775714
1650178364.8140059,1.0,29.0,220.2516632080078,326.1614685058594,1650178364.8140059,1650178390.4891813
1650178391.8375976,1.0,29.0,194.15194702148438,320.6354064941406,1650178391.8375976,1650178420.665535
