,load,alloc,reward,sigma,event_start_time,event_end_time
1650178211.4069405,1.0,38.0,471.7890625,348.1171875,1650178211.4069405,1650178224.0418246
1650178224.5792649,1.0,38.0,229.26321411132812,334.6693115234375,1650178224.5792649,1650178249.7555676
1650178251.5768185,1.0,38.0,117.41727447509766,349.9241027832031,1650178251.5768185,1650178302.0463927
1650178367.7858026,1.0,83.0,291.9656066894531,443.9369812011719,1650178367.7858026,1650178393.0559034
