,load,alloc,reward,sigma,event_start_time,event_end_time
1650178157.2460449,22.512826919555664,1.0,0.0,0.5,1650178157.2460449,1650178167.817796
1650178167.9526782,22.798688888549805,1.0,0.016129031777381897,0.5,1650178167.9526782,1650178177.9971159
1650178178.1285198,23.72214126586914,1.0,0.17482517659664154,0.5,1650178178.1285198,1650178189.594601
1650178222.0841913,24.168039321899414,108.0,1.0,0.47351372241973877,1650178222.0841913,1650178233.5456097
1650178233.8001146,20.887866973876953,108.0,1.0,0.48450157046318054,1650178233.8001146,1650178245.960284
1650178246.1201844,19.135820388793945,108.0,1.0,0.5,1650178246.1201844,1650178257.1466255
1650178257.4487433,20.069482803344727,108.0,1.0,0.5,1650178257.4487433,1650178268.7096214
1650178268.9808574,19.970172882080078,108.0,1.0,0.5,1650178268.9808574,1650178279.5466151
1650178279.741528,18.68279266357422,108.0,1.0,0.5,1650178279.741528,1650178291.5705948
1650178291.7492008,17.618824005126953,108.0,1.0,0.5,1650178291.7492008,1650178303.952058
1650178316.5908887,19.35423469543457,52.0,1.0,0.5,1650178316.5908887,1650178328.4745927
1650178328.6449041,19.136852264404297,52.0,0.9946523904800415,0.5,1650178328.6449041,1650178340.6113448
1650178340.9749427,19.92424964904785,52.0,1.0,0.5,1650178340.9749427,1650178352.066954
1650178352.3144946,18.784549713134766,52.0,0.9947368502616882,0.5,1650178352.3144946,1650178364.5585995
1650178364.7158837,17.669260025024414,52.0,1.0,0.5,1650178364.7158837,1650178374.7898767
1650178375.0294151,18.08649444580078,52.0,0.990338146686554,0.4914731979370117,1650178375.0294151,1650178388.7965934
1650178388.9479613,21.46412467956543,52.0,1.0,0.4938648045063019,1650178388.9479613,1650178400.2225888
1650178400.3730404,20.874509811401367,52.0,1.0,0.5,1650178400.3730404,1650178411.1996417
1650178411.4583476,19.291080474853516,52.0,1.0,0.5,1650178411.4583476,1650178422.9662566
1650178423.1701572,18.524490356445312,52.0,1.0,0.5,1650178423.1701572,1650178433.966676
