,load,alloc,reward,sigma,event_start_time,event_end_time
1650178209.9980075,1.0,95.0,105.55561828613281,285.60540771484375,1650178209.9980075,1650178257.4327152
1650178259.0191796,1.0,95.0,268.12677001953125,600.4854736328125,1650178259.0191796,1650178294.2674305
1650178367.5253108,1.0,64.0,138.6926727294922,471.3614501953125,1650178367.5253108,1650178423.3754163
