,load,alloc,reward,sigma,event_start_time,event_end_time
1650178210.9934366,1.0,31.0,235.959716796875,236.35662841796875,1650178210.9934366,1650178229.3525026
1650178230.2332814,1.0,31.0,188.21336364746094,345.75494384765625,1650178230.2332814,1650178262.6804988
1650178263.8568215,1.0,31.0,208.3633270263672,359.5229187011719,1650178263.8568215,1650178293.6125386
1650178339.7271283,1.0,24.0,307.3927307128906,291.0325622558594,1650178339.7271283,1650178356.6696239
1650178357.36374,1.0,24.0,128.1397705078125,277.2772521972656,1650178357.36374,1650178396.5084975
1650178397.3388605,1.0,24.0,161.504150390625,288.37774658203125,1650178397.3388605,1650178429.2885046
