,load,alloc,reward,sigma,event_start_time,event_end_time
1650223969.981089,43.83135986328125,1.0,0.4396551847457886,0.46423834562301636,1650223969.981089,1650223980.8637083
1650223980.9619782,46.2119255065918,1.0,0.19502075016498566,0.45548751950263977,1650223980.9619782,1650223997.3863106
1650223997.5695388,43.50032424926758,1.0,0.19421488046646118,0.4545454680919647,1650223997.5695388,1650224014.6038952
1650224014.811446,43.224063873291016,1.0,0.19917012751102448,0.45548751950263977,1650224014.811446,1650224030.8441825
1650224030.9493043,45.68905258178711,1.0,0.19834710657596588,0.4545454680919647,1650224030.9493043,1650224042.8777635
1650224043.0656657,43.106719970703125,1.0,0.19917012751102448,0.45548751950263977,1650224043.0656657,1650224060.6035347
1650224060.8593273,37.62693405151367,1.0,0.19834710657596588,0.4545454680919647,1650224060.8593273,1650224076.778775
1650224077.0184233,40.394718170166016,1.0,0.20083682239055634,0.45738935470581055,1650224077.0184233,1650224094.8177795
1650224094.9860835,36.18031311035156,1.0,0.19583334028720856,0.4564354717731476,1650224094.9860835,1650224111.5973277
1650224111.7373838,36.38225555419922,1.0,0.2033195048570633,0.45548751950263977,1650224111.7373838,1650224129.1359754
1650224129.35048,39.61323928833008,1.0,0.4124999940395355,0.4564354717731476,1650224129.35048,1650224139.7510436
1650224139.936314,37.76186752319336,1.0,0.19665272533893585,0.45738935470581055,1650224139.936314,1650224156.8316658
1650224157.0591564,38.20595169067383,1.0,0.19665272533893585,0.45738935470581055,1650224157.0591564,1650224171.8474288
