,load,alloc,reward,sigma,event_start_time,event_end_time
1650223956.4754305,23.226661682128906,1.0,0.0,0.5,1650223956.4754305,1650223966.7222757
1650223966.8395212,22.93672752380371,1.0,0.0,0.5,1650223966.8395212,1650223976.8671067
1650223977.0095236,23.599132537841797,1.0,0.16149067878723145,0.5,1650223977.0095236,1650223988.1116264
1650223988.3304925,20.974952697753906,1.0,0.16149067878723145,0.5,1650223988.3304925,1650223999.8203874
1650223999.9257598,22.6246280670166,1.0,0.16049382090568542,0.5,1650223999.9257598,1650224011.4618607
1650224011.5772448,21.027788162231445,1.0,0.16049382090568542,0.5,1650224011.5772448,1650224023.228494
1650224023.37464,22.81385612487793,1.0,0.16149067878723145,0.5,1650224023.37464,1650224034.7273893
1650224034.8847315,21.196508407592773,1.0,0.16352201998233795,0.5,1650224034.8847315,1650224046.396062
1650224046.554705,18.76460075378418,1.0,0.16149067878723145,0.5,1650224046.554705,1650224058.3322003
1650224058.4021497,20.223085403442383,1.0,0.16352201998233795,0.5,1650224058.4021497,1650224070.1708784
1650224070.2866457,19.43372344970703,1.0,0.16149067878723145,0.5,1650224070.2866457,1650224081.761544
1650224081.8932788,18.615262985229492,1.0,0.16149067878723145,0.5,1650224081.8932788,1650224093.3892214
1650224093.5209107,16.682809829711914,1.0,0.22012577950954437,0.5,1650224093.5209107,1650224105.0897057
1650224105.156798,18.696977615356445,1.0,0.16249999403953552,0.5,1650224105.156798,1650224117.4582512
1650224117.578178,20.032875061035156,1.0,0.16149067878723145,0.5,1650224117.578178,1650224128.9095523
1650224128.9741488,18.12877082824707,1.0,0.35624998807907104,0.5,1650224128.9741488,1650224140.337302
1650224140.4991155,19.977088928222656,1.0,0.1677018702030182,0.5,1650224140.4991155,1650224151.4616737
1650224151.6116905,18.369956970214844,1.0,0.16249999403953552,0.5,1650224151.6116905,1650224163.0433993
1650224163.2166204,17.481367111206055,1.0,0.16455696523189545,0.5,1650224163.2166204,1650224174.6573732
