,load,alloc,reward,sigma,event_start_time,event_end_time
1650223957.7090833,1.0,1.0,52.216556549072266,28.09008026123047,1650223957.7090833,1650223968.3761978
1650223968.5073628,1.0,1.0,26.20349884033203,28.850574493408203,1650223968.5073628,1650223990.3365083
1650223990.4101722,1.0,1.0,30.605915069580078,29.094070434570312,1650223990.4101722,1650224009.2627368
1650224009.4266508,1.0,1.0,40.102996826171875,29.432260513305664,1650224009.4266508,1650224023.9891539
1650224024.116547,1.0,1.0,31.6534366607666,28.89071273803711,1650224024.116547,1650224042.2820313
1650224042.459949,1.0,1.0,43.71238708496094,29.21055030822754,1650224042.459949,1650224055.7284987
1650224055.8779337,1.0,1.0,43.34329605102539,29.4542179107666,1650224055.8779337,1650224069.3517594
1650224069.4573672,1.0,1.0,43.991050720214844,29.2916259765625,1650224069.4573672,1650224082.687331
1650224082.9763317,1.0,1.0,51.60749816894531,29.293973922729492,1650224082.9763317,1650224094.2343857
1650224094.4369304,1.0,1.0,27.988868713378906,29.518081665039062,1650224094.4369304,1650224115.3380961
1650224115.5189145,1.0,1.0,32.721073150634766,29.316497802734375,1650224115.5189145,1650224133.3056161
1650224133.4771852,1.0,1.0,30.651687622070312,29.387365341186523,1650224133.4771852,1650224152.4973454
1650224152.7339215,1.0,1.0,31.987274169921875,29.34819221496582,1650224152.7339215,1650224170.9286573
