,load,alloc,reward,sigma,event_start_time,event_end_time
1650223960.1712952,47.53590393066406,1.0,0.0,0.5,1650223960.1712952,1650223970.7738073
1650223970.9580169,48.12246322631836,1.0,0.029411764815449715,0.5,1650223970.9580169,1650223980.9949098
1650223981.1851783,49.41341781616211,1.0,0.20000000298023224,0.5,1650223981.1851783,1650223993.7526145
1650223993.8949723,44.35770034790039,1.0,0.1582278460264206,0.5,1650223993.8949723,1650224006.722509
1650224006.9072125,44.79126739501953,1.0,0.16455696523189545,0.5,1650224006.9072125,1650224020.41431
1650224020.557451,48.36106491088867,1.0,0.20000000298023224,0.5,1650224020.557451,1650224033.6258152
1650224033.7443018,45.50413513183594,1.0,0.16455696523189545,0.5,1650224033.7443018,1650224047.0178208
1650224047.2073662,40.505794525146484,1.0,0.19879518449306488,0.5,1650224047.2073662,1650224060.0450358
1650224060.1821544,42.26960754394531,1.0,0.1656050980091095,0.5,1650224060.1821544,1650224073.3594716
1650224073.4226053,40.99395751953125,1.0,0.15923567116260529,0.5,1650224073.4226053,1650224087.1807303
1650224087.3893225,38.31464385986328,1.0,0.19393938779830933,0.5,1650224087.3893225,1650224099.9954686
1650224100.1190603,36.73928451538086,1.0,0.1582278460264206,0.5,1650224100.1190603,1650224113.1296566
1650224113.287553,40.21217346191406,1.0,0.15923567116260529,0.5,1650224113.287553,1650224126.1940925
1650224126.3222303,39.411373138427734,1.0,0.1656050980091095,0.5,1650224126.3222303,1650224138.7298157
1650224138.832011,40.289066314697266,1.0,0.15923567116260529,0.5,1650224138.832011,1650224152.1358683
1650224152.364406,39.524986267089844,1.0,0.19631901383399963,0.5,1650224152.364406,1650224165.2676358
1650224165.4527068,37.02960205078125,1.0,0.19512194395065308,0.5,1650224165.4527068,1650224178.6583583
