,load,alloc,reward,sigma,event_start_time,event_end_time
1650223957.007449,1.0,1.0,54.919124603271484,29.499990463256836,1650223957.007449,1650223967.6594763
1650223967.8164058,1.0,1.0,42.93305206298828,30.557987213134766,1650223967.8164058,1650223981.9314055
1650223982.0719416,1.0,1.0,35.2862663269043,30.561046600341797,1650223982.0719416,1650223999.274101
1650223999.413877,1.0,1.0,34.56605911254883,30.56035804748535,1650223999.413877,1650224016.916595
1650224017.1857002,1.0,1.0,52.86787796020508,30.41020965576172,1650224017.1857002,1650224028.610407
1650224028.7454495,1.0,1.0,42.22739791870117,30.56614875793457,1650224028.7454495,1650224043.0963213
1650224043.1646323,1.0,1.0,33.39846420288086,30.533811569213867,1650224043.1646323,1650224061.2792382
1650224061.4317453,1.0,1.0,31.45564079284668,30.4451904296875,1650224061.4317453,1650224080.6015975
1650224080.6929836,1.0,1.0,33.47980880737305,30.453916549682617,1650224080.6929836,1650224098.7337089
1650224098.8315797,1.0,1.0,31.584566116333008,30.59065055847168,1650224098.8315797,1650224118.0181658
1650224118.137433,1.0,1.0,52.05889892578125,30.503374099731445,1650224118.137433,1650224129.7588854
1650224129.9386284,1.0,1.0,34.40739059448242,30.50741958618164,1650224129.9386284,1650224147.5220592
1650224147.609608,1.0,1.0,47.26456069946289,30.462106704711914,1650224147.609608,1650224160.4098961
1650224160.4859316,1.0,1.0,57.4941291809082,30.685409545898438,1650224160.4859316,1650224171.0783172
