,load,alloc,reward,sigma,event_start_time,event_end_time
1650223958.7183945,1.0,1.0,53.22481918334961,28.6219539642334,1650223958.7183945,1650223969.4088955
1650223969.717917,1.0,1.0,24.387910842895508,29.555774688720703,1650223969.717917,1650223993.7462156
1650223993.9382358,1.0,1.0,25.88867950439453,29.582775115966797,1650223993.9382358,1650224016.6122384
1650224016.780615,1.0,1.0,42.868324279785156,29.912267684936523,1650224016.780615,1650224030.6136723
1650224030.8531697,1.0,1.0,23.85712432861328,29.971158981323242,1650224030.8531697,1650224055.7513928
1650224055.9666762,1.0,1.0,31.947370529174805,29.725753784179688,1650224055.9666762,1650224074.4345496
1650224074.7372751,1.0,1.0,25.496278762817383,29.64844512939453,1650224074.7372751,1650224097.799465
1650224097.8796687,1.0,1.0,23.134037017822266,29.804397583007812,1650224097.8796687,1650224123.4264424
1650224123.5568259,1.0,1.0,38.874576568603516,29.657806396484375,1650224123.5568259,1650224138.6823926
1650224138.8541925,1.0,1.0,29.828659057617188,29.853500366210938,1650224138.8541925,1650224158.734402
1650224159.108074,1.0,1.0,38.05327606201172,29.965234756469727,1650224159.108074,1650224174.7440474
