,load,alloc,reward,sigma,event_start_time,event_end_time
1650223957.40015,1.0,1.0,67.16292572021484,36.123783111572266,1650223957.40015,1650223968.075683
1650223968.1636477,1.0,1.0,50.89582824707031,37.537349700927734,1650223968.1636477,1650223982.7817416
1650223982.9531906,1.0,1.0,39.88450241088867,37.49720001220703,1650223982.9531906,1650224001.5819802
1650224001.741865,1.0,1.0,38.52888107299805,37.644718170166016,1650224001.741865,1650224021.1039639
1650224021.215896,1.0,1.0,37.94027328491211,37.489253997802734,1650224021.215896,1650224040.7993088
1650224040.901007,1.0,1.0,60.48052978515625,37.43900680541992,1650224040.901007,1650224053.2024865
1650224053.2999,1.0,1.0,34.61236572265625,37.41611099243164,1650224053.2999,1650224074.7662165
1650224074.9404893,1.0,1.0,49.23999786376953,37.155975341796875,1650224074.9404893,1650224089.9079957
1650224090.0576534,1.0,1.0,41.33196258544922,37.26960754394531,1650224090.0576534,1650224107.9614723
1650224108.083746,1.0,1.0,35.80854415893555,37.46470260620117,1650224108.083746,1650224128.8329847
1650224128.9130886,1.0,1.0,63.816444396972656,37.53607940673828,1650224128.9130886,1650224140.5715253
1650224140.7797294,1.0,1.0,34.49993896484375,37.53017807006836,1650224140.7797294,1650224162.3449848
1650224162.49766,1.0,1.0,37.18327713012695,37.328311920166016,1650224162.49766,1650224182.4259732
