,load,alloc,reward,sigma,event_start_time,event_end_time
1650223957.616295,22.519380569458008,1.0,0.0,0.5,1650223957.616295,1650223968.1849694
1650223968.2824655,22.8967342376709,1.0,0.02255639061331749,0.5,1650223968.2824655,1650223978.327566
1650223978.4685109,23.408504486083984,1.0,0.16233766078948975,0.5,1650223978.4685109,1650223990.2163782
1650223990.3305492,20.923080444335938,1.0,0.1548387110233307,0.5,1650223990.3305492,1650224001.466577
1650224001.6996443,22.754587173461914,1.0,0.3395061790943146,0.5,1650224001.6996443,1650224012.4667041
1650224012.5255308,21.293935775756836,1.0,0.16129031777381897,0.5,1650224012.5255308,1650224024.0311537
1650224024.15925,22.819379806518555,1.0,0.19631901383399963,0.5,1650224024.15925,1650224035.5530744
1650224035.7224102,20.91141128540039,1.0,0.16129031777381897,0.5,1650224035.7224102,1650224047.1515765
1650224047.3865278,19.01816177368164,1.0,0.21739129722118378,0.5,1650224047.3865278,1650224058.6389296
1650224058.6980937,20.06867218017578,1.0,0.16129031777381897,0.5,1650224058.6980937,1650224070.2584002
1650224070.3730748,19.494688034057617,1.0,0.32258063554763794,0.5,1650224070.3730748,1650224081.1965356
1650224081.2786498,18.52662467956543,1.0,0.16025641560554504,0.5,1650224081.2786498,1650224092.667664
1650224092.8166857,17.490400314331055,1.0,0.5705521702766418,0.5,1650224092.8166857,1650224104.0800066
1650224104.276614,18.35032081604004,1.0,0.16129031777381897,0.5,1650224104.276614,1650224116.3200004
1650224116.4232953,19.88703727722168,1.0,0.16129031777381897,0.5,1650224116.4232953,1650224127.9886181
1650224128.1317992,18.62261962890625,1.0,0.19631901383399963,0.5,1650224128.1317992,1650224139.9990876
1650224140.169973,19.60015296936035,1.0,0.39263802766799927,0.5,1650224140.169973,1650224151.3433552
1650224151.456266,18.451282501220703,1.0,0.16129031777381897,0.5,1650224151.456266,1650224163.9215243
1650224163.9874275,17.471050262451172,1.0,0.16233766078948975,0.5,1650224163.9874275,1650224175.6638865
