,load,alloc,reward,sigma,event_start_time,event_end_time
1650223968.5350187,43.47783279418945,1.0,0.4534412920475006,0.44992128014564514,1650223968.5350187,1650223979.4141262
1650223979.694265,47.00109100341797,1.0,0.19844357669353485,0.44108107686042786,1650223979.694265,1650223995.6087885
1650223995.7302673,43.02750015258789,1.0,0.19844357669353485,0.44108107686042786,1650223995.7302673,1650224009.7910428
1650224009.9174068,43.61967849731445,1.0,0.19455252587795258,0.44108107686042786,1650224009.9174068,1650224026.9968534
1650224027.2646062,46.011375427246094,1.0,0.19844357669353485,0.44108107686042786,1650224027.2646062,1650224043.8257284
1650224044.1122687,42.27070236206055,1.0,0.20000000298023224,0.4428074359893799,1650224044.1122687,1650224059.7732334
1650224060.0637484,38.613365173339844,1.0,0.19685038924217224,0.44367825984954834,1650224060.0637484,1650224077.622436
1650224077.7210288,39.38105773925781,1.0,0.19607843458652496,0.4428074359893799,1650224077.7210288,1650224094.1502476
1650224094.3365176,36.36918640136719,1.0,0.19921875,0.4419417381286621,1650224094.3365176,1650224109.9541345
1650224110.0497413,35.77288055419922,1.0,0.19844357669353485,0.44108107686042786,1650224110.0497413,1650224125.8997366
1650224126.0921903,38.9764518737793,1.0,0.20000000298023224,0.4428074359893799,1650224126.0921903,1650224141.5630705
1650224141.670592,36.98395919799805,1.0,0.203125,0.4419417381286621,1650224141.670592,1650224152.7024019
1650224152.9436753,39.19941329956055,1.0,0.19844357669353485,0.44108107686042786,1650224152.9436753,1650224168.4796226
