,load,alloc,reward,sigma,event_start_time,event_end_time
1650223957.280197,22.540800094604492,1.0,0.0,0.5,1650223957.280197,1650223967.838828
1650223967.9739084,22.88591194152832,1.0,0.023076923564076424,0.5,1650223967.9739084,1650223978.0237594
1650223978.1460338,23.434757232666016,1.0,0.1599999964237213,0.5,1650223978.1460338,1650223989.7953966
1650223989.8992164,20.9904842376709,1.0,0.1589404046535492,0.5,1650223989.8992164,1650224001.332969
1650224001.5148816,22.251876831054688,1.0,0.1599999964237213,0.5,1650224001.5148816,1650224013.4239893
1650224013.6187449,21.59703826904297,1.0,0.1589404046535492,0.5,1650224013.6187449,1650224024.870288
1650224025.0038028,23.055307388305664,1.0,0.3866666555404663,0.5,1650224025.0038028,1650224035.1966832
1650224035.2977378,20.80461311340332,1.0,0.1599999964237213,0.5,1650224035.2977378,1650224046.7855744
1650224046.9167988,19.149240493774414,1.0,0.33774834871292114,0.5,1650224046.9167988,1650224057.3610778
1650224057.5717227,20.088808059692383,1.0,0.19620253145694733,0.5,1650224057.5717227,1650224069.120442
1650224069.238754,19.546947479248047,1.0,0.16107381880283356,0.5,1650224069.238754,1650224081.1076155
1650224081.246265,18.605403900146484,1.0,0.16107381880283356,0.5,1650224081.246265,1650224092.4795609
1650224092.551262,17.266725540161133,1.0,0.16107381880283356,0.5,1650224092.551262,1650224104.1342337
1650224104.3303998,18.32843589782715,1.0,0.3782051205635071,0.5,1650224104.3303998,1650224115.7880058
1650224115.86437,19.431142807006836,1.0,0.16107381880283356,0.5,1650224115.86437,1650224128.5244596
1650224128.6393685,18.812192916870117,1.0,0.19620253145694733,0.5,1650224128.6393685,1650224141.237581
1650224141.3802388,19.792396545410156,1.0,0.1589404046535492,0.5,1650224141.3802388,1650224154.0113513
1650224154.1868515,18.557157516479492,1.0,0.41401273012161255,0.5,1650224154.1868515,1650224165.2338018
1650224165.4278407,16.785972595214844,1.0,0.16107381880283356,0.5,1650224165.4278407,1650224177.7595656
