,load,alloc,reward,sigma,event_start_time,event_end_time
1650223955.3574364,1.0,1.0,58.74348449707031,31.725383758544922,1650223955.3574364,1650223966.0650067
1650223966.2737677,1.0,1.0,54.33915710449219,32.979278564453125,1650223966.2737677,1650223978.3092873
1650223978.4113317,1.0,1.0,59.30134201049805,32.73338317871094,1650223978.4113317,1650223989.338572
1650223989.515815,1.0,1.0,24.22922134399414,32.74939727783203,1650223989.515815,1650224016.2603812
1650224016.3361793,1.0,1.0,51.49309158325195,32.73612976074219,1650224016.3361793,1650224028.920392
1650224029.0937703,1.0,1.0,24.39519691467285,32.71477127075195,1650224029.0937703,1650224055.656376
1650224055.8457596,1.0,1.0,37.68032455444336,32.476829528808594,1650224055.8457596,1650224072.9103682
1650224073.1504996,1.0,1.0,28.581090927124023,33.22422409057617,1650224073.1504996,1650224096.207702
1650224096.3429892,1.0,1.0,24.79802703857422,33.074520111083984,1650224096.3429892,1650224122.75638
1650224123.0187085,1.0,1.0,28.317771911621094,33.10886001586914,1650224123.0187085,1650224146.1843731
1650224146.2893178,1.0,1.0,49.795162200927734,33.072113037109375,1650224146.2893178,1650224159.4432058
