,load,alloc,reward,sigma,event_start_time,event_end_time
1650223956.4248836,1.0,1.0,58.60844421386719,31.527088165283203,1650223956.4248836,1650223967.1059382
1650223967.2504723,1.0,1.0,38.20951461791992,32.71961975097656,1650223967.2504723,1650223984.2357712
1650223984.3394508,1.0,1.0,34.79053497314453,32.63494873046875,1650223984.3394508,1650224002.9652054
1650224003.0919828,1.0,1.0,41.85643768310547,32.659339904785156,1650224003.0919828,1650224018.573472
1650224018.8233402,1.0,1.0,55.844383239746094,32.7401008605957,1650224018.8233402,1650224030.4270139
1650224030.5412617,1.0,1.0,33.76854705810547,32.8283805847168,1650224030.5412617,1650224049.819556
1650224049.9436426,1.0,1.0,48.266517639160156,32.662086486816406,1650224049.9436426,1650224063.389817
1650224063.521473,1.0,1.0,52.41215133666992,32.592445373535156,1650224063.521473,1650224075.8659382
1650224075.967262,1.0,1.0,32.39658737182617,32.515838623046875,1650224075.967262,1650224095.845899
1650224096.0301805,1.0,1.0,34.81007766723633,32.3762092590332,1650224096.0301805,1650224114.4731147
1650224114.5916133,1.0,1.0,34.36371612548828,32.500911712646484,1650224114.5916133,1650224133.361411
1650224133.5192287,1.0,1.0,35.80416488647461,32.530887603759766,1650224133.5192287,1650224151.5338926
1650224151.6887853,1.0,1.0,38.17301940917969,32.6207389831543,1650224151.6887853,1650224168.6379287
